{"cameraMode":{"drawMode":0,"name":"Shaded","section":"Shading Mode"},"sceneLighting":false,"audioPlay":false,"sceneViewState":{"showFog":false,"showMaterialUpdate":false,"showSkybox":false,"showFlares":false,"showImageEffects":false,"showParticleSystems":true},"in2DMode":false,"pivot":{"x":-2.5980923175811769,"y":0.7020422220230103,"z":8.595001220703125},"rotation":{"x":0.17371539771556855,"y":0.7050103545188904,"z":-0.18492597341537476,"w":0.6622580289840698},"size":3.6073358058929445,"orthographic":false}